modelo,indice_imagen,etiqueta,tiempo_prediccion_s
SVM,0,1,0.004324500001530396
SVM,1,1,0.0036766000011994038
SVM,2,1,0.0046404999993683305
SVM,3,1,0.0037984999999025604
SVM,4,1,0.00448800000049232
SVM,5,1,0.0037241999998514075
SVM,6,1,0.0045393000000331085
SVM,7,1,0.0036946999989595497
SVM,8,1,0.004568300000755698
SVM,9,1,0.0037223000017547747
Random Forest,0,0,0.026253199999700882
Random Forest,1,1,0.027084000001195818
Random Forest,2,0,0.02506849999917904
Random Forest,3,1,0.02583960000083607
Random Forest,4,0,0.026005800000348245
Random Forest,5,0,0.026291100000889855
Random Forest,6,1,0.02515779999885126
Random Forest,7,0,0.02661170000101265
Random Forest,8,0,0.026472700001249905
Random Forest,9,1,0.02645699999993667
Red neuronal MLP,0,0,0.00016799999866634607
Red neuronal MLP,1,1,9.610000051907264e-05
Red neuronal MLP,2,0,0.00022639999951934442
Red neuronal MLP,3,1,8.889999844541308e-05
Red neuronal MLP,4,0,7.420000110869296e-05
Red neuronal MLP,5,0,6.910000047355425e-05
Red neuronal MLP,6,1,6.890000076964498e-05
Red neuronal MLP,7,0,6.790000043110922e-05
Red neuronal MLP,8,0,6.609999945794698e-05
Red neuronal MLP,9,0,6.630000098084565e-05
HDBSCAN,0,-1,0.011033400000087568
HDBSCAN,1,-1,0.010159700001167948
HDBSCAN,2,-1,0.010584600000584032
HDBSCAN,3,-1,0.010211900000285823
HDBSCAN,4,-1,0.012872900000729715
HDBSCAN,5,-1,0.0107810999998037
HDBSCAN,6,-1,0.011058399999456014
HDBSCAN,7,-1,0.010129199999937555
HDBSCAN,8,-1,0.01112239999929443
HDBSCAN,9,-1,0.010445500000059837
