cantidad_train,modelo,accuracy,tiempo_entrenamiento_s,tiempo_prediccion_s
10,HDBSCAN,0.0,0.001961599999049213,0.0005017000003135763
10,Random Forest,0.5238412804268089,0.2329905000005965,0.03855640000074345
10,Red neuronal MLP,0.503834611537179,0.01777829999991809,0.0034551000007922994
10,SVM,0.5538512837612537,0.0076575999992201105,0.01568589999988035
50,HDBSCAN,0.0,0.004743199999211356,0.00010350000047765207
50,Random Forest,0.6658886295431811,0.23996840000108932,0.04872869999962859
50,Red neuronal MLP,0.6728909636545515,0.029946799999379436,0.004186100000879378
50,SVM,0.6908969656552184,0.0011943000008614035,0.04032969999934721
100,HDBSCAN,0.0,0.01746160000038799,8.689999958733097e-05
100,Random Forest,0.6842280760253417,0.2215379999997822,0.03631669999958831
100,Red neuronal MLP,0.6198732910970324,0.025599599999623024,0.0036689999997179257
100,SVM,0.6932310770256752,0.002479899998434121,0.07622889999947802
200,HDBSCAN,0.0,0.06689030000052298,0.00032809999902383424
200,Random Forest,0.733244414804935,0.2298162000006414,0.037814999999682186
200,Red neuronal MLP,0.7049016338779593,0.06408069999997679,0.003473900000244612
200,SVM,0.7182394131377126,0.005688400000508409,0.14199189999999362
300,HDBSCAN,0.0,0.12445499999921594,0.0003511000013531884
300,Random Forest,0.7492497499166388,0.2389034999996511,0.037546599998677266
300,Red neuronal MLP,0.7359119706568856,0.0657625999992888,0.0034209999994345708
300,SVM,0.7355785261753918,0.016875400000571972,0.21107669999946665
400,HDBSCAN,0.0,0.2353198999990127,0.00037000000156695023
400,Random Forest,0.7392464154718239,0.23760950000178127,0.037181300000156625
400,Red neuronal MLP,0.7479159719906635,0.08991219999916211,0.0034589000006235437
400,SVM,0.745248416138713,0.02546980000079202,0.2778855000015028
500,HDBSCAN,0.0,0.3241754000009678,0.00031569999919156544
500,Random Forest,0.7599199733244415,0.233728200000769,0.03761640000084299
500,Red neuronal MLP,0.7435811937312438,0.10404659999949217,0.0038074000003689434
500,SVM,0.756918972990997,0.03800539999974717,0.3400046000006114
1000,HDBSCAN,0.0,1.2361052999985986,0.0003116999996564118
1000,Random Forest,0.768922974324775,0.28548899999987043,0.03676650000124937
1000,Red neuronal MLP,0.7532510836945648,0.17094640000141226,0.00400890000128129
1000,SVM,0.7829276425475158,0.15098889999899257,0.6718583999991097
2000,HDBSCAN,0.302434144714905,5.504628300001059,3.5808779999988474
2000,Random Forest,0.7812604201400467,0.42633810000006633,0.04741959999955725
2000,Red neuronal MLP,0.7839279759919974,0.5596158999996987,0.003796300001340569
2000,SVM,0.8049349783261087,0.7223995999993349,1.4084469999997964
3000,HDBSCAN,0.0,11.72293990000071,0.00033989999974437524
3000,Random Forest,0.7895965321773925,0.5335062999984075,0.04728880000038771
3000,Red neuronal MLP,0.7959319773257753,0.3779829000013706,0.0039978000004339265
3000,SVM,0.8172724241413805,2.1478832000011607,2.298573000000033
4000,HDBSCAN,0.2464154718239413,20.664205400000355,7.251016000000163
4000,Random Forest,0.8012670890296766,0.6687286000014865,0.047502900000836235
4000,Red neuronal MLP,0.8016005335111704,0.6647695999999996,0.0038751000010961434
4000,SVM,0.8222740913637879,4.303124000000025,3.311987200000658
5000,HDBSCAN,0.23574524841613873,32.213166999999885,9.035657700000229
5000,Random Forest,0.8026008669556519,0.872436600000583,0.04736210000010033
5000,Red neuronal MLP,0.8086028676225409,1.1095058000009885,0.0041303000016341684
5000,SVM,0.8272757585861954,6.97294200000033,4.3600704000000405
6000,HDBSCAN,0.22674224741580526,49.637464100000216,11.67325080000046
6000,Random Forest,0.8029343114371457,1.0460732000010466,0.04833460000008927
6000,Red neuronal MLP,0.820273424474825,1.2129000999993877,0.0033814999987953342
6000,SVM,0.8326108702900967,11.383687400000781,5.67117909999979
7000,HDBSCAN,0.2344114704901634,66.54099529999985,13.430909700000484
7000,Random Forest,0.8092697565855285,1.1997518999996828,0.0472263000010571
7000,Red neuronal MLP,0.8139379793264422,1.957584499999939,0.004131899999265443
7000,SVM,0.8342780926975658,14.897000700000717,6.603363100000934
8000,HDBSCAN,0.24041347115705236,88.53004800000053,16.85364970000046
8000,Random Forest,0.8149383127709237,1.357182699999612,0.04809940000086499
8000,Red neuronal MLP,0.8166055351783928,1.49892699999873,0.0040972999995574355
8000,SVM,0.8369456485495165,20.75971639999989,6.9902568999987125
9000,HDBSCAN,0.2494164721573858,106.93569969999953,16.802919900001143
9000,Random Forest,0.8112704234744915,1.6985753000008117,0.04722819999915373
9000,Red neuronal MLP,0.8182727575858619,2.0506327000002784,0.006044800000381656
9000,SVM,0.8332777592530843,43.97008450000067,8.410617900000943
10000,HDBSCAN,0.24708236078692897,131.37595540000075,18.511016099999324
10000,Random Forest,0.8152717572524175,1.737355999999636,0.04848829999900772
10000,Red neuronal MLP,0.8192730910303434,1.5310801999985415,0.005004800001188414
10000,SVM,0.837945981993998,59.852754800000184,8.732846599999903
